<reseau>
    <title>CFF</title>
    <ville>
        <name>Geneve</name>
        <longitude>500</longitude>
        <latitude>118</latitude>
    </ville>
    <ville>
        <name>Lausanne</name>
        <longitude>538</longitude>
        <latitude>153</latitude>
    </ville>
    <ville>
        <name>Neuchatel</name>
        <longitude>560</longitude>
        <latitude>205</latitude>
    </ville>
    <ville>
        <name>Delemont</name>
        <longitude>580</longitude>
        <latitude>242</latitude>
    </ville>
    <ville>
        <name>Bale</name>
        <longitude>612</longitude>
        <latitude>267</latitude>
    </ville>
    <ville>
        <name>Berne</name>
        <longitude>601</longitude>
        <latitude>199</latitude>
    </ville>
    <ville>
        <name>Lucerne</name>
        <longitude>666</longitude>
        <latitude>212</latitude>
    </ville>
    <ville>
        <name>Zurich</name>
        <longitude>683</longitude>
        <latitude>248</latitude>
    </ville>
    <ville>
        <name>Schaffouse</name>
        <longitude>690</longitude>
        <latitude>283</latitude>
    </ville>
    <ville>
        <name>St.-Gall</name>
        <longitude>746</longitude>
        <latitude>255</latitude>
    </ville>
    <ville>
        <name>Coire</name>
        <longitude>760</longitude>
        <latitude>192</latitude>
    </ville>
    <ville>
        <name>St.-Moritz</name>
        <longitude>785</longitude>
        <latitude>153</latitude>
    </ville>
    <ville>
        <name>Bellinzone</name>
        <longitude>723</longitude>
        <latitude>117</latitude>
    </ville>
    <ville>
        <name>Andermatt</name>
        <longitude>675</longitude>
        <latitude>160</latitude>
    </ville>
    <ville>
        <name>Sion</name>
        <longitude>595</longitude>
        <latitude>120</latitude>
    </ville>
    <liaison>
        <vil_1>Geneve</vil_1>
        <vil_2>Lausanne</vil_2>
        <duratin>34</duratin>
    </liaison>
    <liaison>
        <vil_1>Lausanne</vil_1>
        <vil_2>Neuchatel</vil_2>
        <duratin>40</duratin>
    </liaison>
    <liaison>
        <vil_1>Lausanne</vil_1>
        <vil_2>Berne</vil_2>
        <duratin>67</duratin>
    </liaison>
    <liaison>
        <vil_1>Lausanne</vil_1>
        <vil_2>Sion</vil_2>
        <duratin>67</duratin>
    </liaison>
    <liaison>
        <vil_1>Neuchatel</vil_1>
        <vil_2>Delemont</vil_2>
        <duratin>49</duratin>
    </liaison>
    <liaison>
        <vil_1>Neuchatel</vil_1>
        <vil_2>Bale</vil_2>
        <duratin>87</duratin>
    </liaison>
    <liaison>
        <vil_1>Neuchatel</vil_1>
        <vil_2>Berne</vil_2>
        <duratin>42</duratin>
    </liaison>
    <liaison>
        <vil_1>Delemont</vil_1>
        <vil_2>Bale</vil_2>
        <duratin>34</duratin>
    </liaison>
    <liaison>
        <vil_1>Delemont</vil_1>
        <vil_2>Berne</vil_2>
        <duratin>60</duratin>
    </liaison>
    <liaison>
        <vil_1>Bale</vil_1>
        <vil_2>Berne</vil_2>
        <duratin>66</duratin>
    </liaison>
    <liaison>
        <vil_1>Bale</vil_1>
        <vil_2>Lucerne</vil_2>
        <duratin>73</duratin>
    </liaison>
    <liaison>
        <vil_1>Bale</vil_1>
        <vil_2>Zurich</vil_2>
        <duratin>60</duratin>
    </liaison>
    <liaison>
        <vil_1>Berne</vil_1>
        <vil_2>Lucerne</vil_2>
        <duratin>83</duratin>
    </liaison>
    <liaison>
        <vil_1>Berne</vil_1>
        <vil_2>Zurich</vil_2>
        <duratin>79</duratin>
    </liaison>
    <liaison>
        <vil_1>Berne</vil_1>
        <vil_2>Sion</vil_2>
        <duratin>157</duratin>
    </liaison>
    <liaison>
        <vil_1>Lucerne</vil_1>
        <vil_2>Zurich</vil_2>
        <duratin>46</duratin>
    </liaison>
    <liaison>
        <vil_1>Lucerne</vil_1>
        <vil_2>Bellinzone</vil_2>
        <duratin>132</duratin>
    </liaison>
    <liaison>
        <vil_1>Lucerne</vil_1>
        <vil_2>Andermatt</vil_2>
        <duratin>102</duratin>
    </liaison>
    <liaison>
        <vil_1>Zurich</vil_1>
        <vil_2>Schaffouse</vil_2>
        <duratin>42</duratin>
    </liaison>
    <liaison>
        <vil_1>Zurich</vil_1>
        <vil_2>St.-Gall</vil_2>
        <duratin>66</duratin>
    </liaison>
    <liaison>
        <vil_1>Zurich</vil_1>
        <vil_2>Coire</vil_2>
        <duratin>91</duratin>
    </liaison>
    <liaison>
        <vil_1>Schaffouse</vil_1>
        <vil_2>St.-Gall</vil_2>
        <duratin>87</duratin>
    </liaison>
    <liaison>
        <vil_1>St.-Gall</vil_1>
        <vil_2>Coire</vil_2>
        <duratin>99</duratin>
    </liaison>
    <liaison>
        <vil_1>Coire</vil_1>
        <vil_2>St.-Moritz</vil_2>
        <duratin>116</duratin>
    </liaison>
    <liaison>
        <vil_1>Coire</vil_1>
        <vil_2>Andermatt</vil_2>
        <duratin>100</duratin>
    </liaison>
    <liaison>
        <vil_1>Bellinzone</vil_1>
        <vil_2>Andermatt</vil_2>
        <duratin>84</duratin>
    </liaison>
    <liaison>
        <vil_1>Andermatt</vil_1>
        <vil_2>Sion</vil_2>
        <duratin>162</duratin>
    </liaison>
</reseau>
